﻿<?xml version="1.0" encoding="utf-8" ?>
<ThingDefs>

  <ThingDef Name="BasePawn" Abstract="True">
    <thingClass>Pawn</thingClass>
    <category>Pawn</category>
    <selectable>true</selectable>
    <tickerType>Normal</tickerType>
    <altitudeLayer>Pawn</altitudeLayer>
    <useHitPoints>false</useHitPoints>
    <hasTooltip>true</hasTooltip>
    <soundImpactDefault>BulletImpactFlesh</soundImpactDefault>
    <inspectorTabs>
      <li>ITab_Pawn_Health</li>
      <li>ITab_Pawn_Needs</li>
      <li>ITab_Pawn_Character</li>
      <li>ITab_Pawn_Training</li>
      <li>ITab_Pawn_Gear</li>
      <li>ITab_Pawn_Guest</li>
      <li>ITab_Pawn_Prisoner</li>
    </inspectorTabs>
    <comps>
      <li>
        <compClass>CompAttachBase</compClass>
      </li>
    </comps>
    <drawGUIOverlay>true</drawGUIOverlay>
  </ThingDef>
  
  <ThingDef ParentName="BasePawn" Name="BaseAnimal" Abstract="True">
    <statBases>
      <Flammability>1.0</Flammability>
      <LeatherAmount>20</LeatherAmount>
    </statBases>
    <race>
      <thinkTree>Animal</thinkTree>
      <minFoodPreferability>Plant</minFoodPreferability>
      <isFlesh>true</isFlesh>
      <hasGenders>true</hasGenders>
      <nameGenerator>NamerAnimalGeneric</nameGenerator>
      <manhunterOnDamageChance>0.0125</manhunterOnDamageChance>
      <nameOnNuzzleChance>0.5</nameOnNuzzleChance>
      <hediffGiverSets>
        <li>OrganicStandard</li>
      </hediffGiverSets>
    </race>
  </ThingDef>



  <!-- ====================================================== -->


  <ThingDef ParentName="BaseAnimal">
    <defName>FTurtle</defName>
    <label>fort turtle</label>
    <description>The fortress turtle is a living citadel. Designed to moving bunker, this behemoth estimated to be created for protecting soldiers while mechanoid invasion. Fort turtle has periodically harvestable shells. This shell furnishes material for military composite alloy. Reliable protector and strong porter, fort turtle will be your great companion.</description>
    <statBases>
      <MoveSpeed>1.0</MoveSpeed>
      <ArmorRating_Blunt>0.7</ArmorRating_Blunt>
      <ArmorRating_Sharp>0.75</ArmorRating_Sharp>
      <ComfyTemperatureMin>-20</ComfyTemperatureMin>
      <MarketValue>2450</MarketValue>
    </statBases>
    <verbs>
      <li>
        <verbClass>Verb_MeleeAttack</verbClass>
        <defaultCooldownTicks>130</defaultCooldownTicks>
        <meleeDamageBaseAmount>15</meleeDamageBaseAmount>
        <meleeDamageDef>Bite</meleeDamageDef>
        <linkedBodyPartsGroup>TurtleBeakAttackTool</linkedBodyPartsGroup>
      </li>
    </verbs>
    <comps>
      <li>
        <compClass>CompShearable</compClass>
        <woolDef>FTurtleShell</woolDef>
        <shearIntervalDays>42</shearIntervalDays>
        <woolAmount>75</woolAmount>
      </li>
      <li>
        <compClass>CompEggLayer</compClass>
        <eggFertilizedDef>EggFTurtleFertilized</eggFertilizedDef>
        <eggFertilizationCountMax>1</eggFertilizationCountMax>
        <eggLayIntervalDays>90</eggLayIntervalDays>
        <eggProgressUnfertilizedMax>0.5</eggProgressUnfertilizedMax>
        <eggCountRange>
          <min>1</min>
          <max>1</max>
        </eggCountRange>
      </li>
    </comps>
    <race>
      <body>FTurtleLike</body>
      <baseBodySize>5</baseBodySize>
      <baseHungerRate>1.1</baseHungerRate>
      <baseHealthScale>4.6</baseHealthScale>
      <diet>Omnivorous</diet>
      <leatherColor>(120,155,80)</leatherColor>
      <leatherInsulation>0.75</leatherInsulation>
      <leatherCommonalityFactor>0.1</leatherCommonalityFactor>
      <wildness>0.2</wildness>
      <nuzzleChancePerHour>0.001</nuzzleChancePerHour>
      <trainableIntelligence>Advanced</trainableIntelligence>
      <manhunterOnDamageChance>0.1</manhunterOnDamageChance>
      <manhunterOnTameFailChance>0.002</manhunterOnTameFailChance>
      <gestationPeriodDays>60</gestationPeriodDays>
      <litterSizeCurve>
        <points>
          <li>(0.5, 0)</li>
          <li>(1, 1)</li>
          <li>(3, 1)</li>
          <li>(3.5, 0)</li>
        </points>
      </litterSizeCurve>
      <lifeExpectancy>250</lifeExpectancy>
      <lifeStageAges>
        <li>
          <def>AnimalBaby</def>
          <minAge>0</minAge>
        </li>
        <li>
          <def>AnimalJuvenile</def>
          <minAge>0.25</minAge>
        </li>
        <li>
          <def>AnimalAdult</def>
          <minAge>0.8</minAge>
          <soundWounded>Pawn_Tortoise_Wounded</soundWounded>
          <soundDeath>Pawn_Tortoise_Death</soundDeath>
          <soundCall>Pawn_Tortoise_Call</soundCall>
          <soundAngry>Pawn_Tortoise_Angry</soundAngry>
        </li>
      </lifeStageAges>
      <soundMeleeHitPawn>Pawn_Melee_SmallScratch_HitPawn</soundMeleeHitPawn>
      <soundMeleeHitBuilding>Pawn_Melee_SmallScratch_HitBuilding</soundMeleeHitBuilding>
      <soundMeleeMiss>Pawn_Melee_SmallScratch_Miss</soundMeleeMiss>
    </race>
  </ThingDef>

  <!-- ====================================================== -->


  <ThingDef ParentName="BaseAnimal">
    <defName>FRaptor</defName>
    <label>feather raptor</label>
    <description>Quiet and cunning, elegant but ruthless, these reptile species were originally developed to resolve warg increasing problem. Fortunately, after someone realized that adding another alpha predator doesn't help already broken ecosystem, the project was canceled. After the original project cancelled, scientists started a new product development project, which making a pet of rich people. Because of that, now these raptors have colorful feathers.</description>
    <statBases>
      <MoveSpeed>4.90</MoveSpeed>
      <ComfyTemperatureMin>-35</ComfyTemperatureMin>
      <MarketValue>1450</MarketValue>
    </statBases>
    <verbs>
      <li>
        <verbClass>Verb_MeleeAttack</verbClass>
        <defaultCooldownTicks>90</defaultCooldownTicks>
        <meleeDamageBaseAmount>12</meleeDamageBaseAmount>
        <meleeDamageDef>Scratch</meleeDamageDef>
        <linkedBodyPartsGroup>LeftLegClaws</linkedBodyPartsGroup>
      </li>
      <li>
        <verbClass>Verb_MeleeAttack</verbClass>
        <defaultCooldownTicks>90</defaultCooldownTicks>
        <meleeDamageBaseAmount>12</meleeDamageBaseAmount>
        <meleeDamageDef>Scratch</meleeDamageDef>
        <linkedBodyPartsGroup>RightLegClaws</linkedBodyPartsGroup>
      </li>
      <li>
        <verbClass>Verb_MeleeAttack</verbClass>
        <defaultCooldownTicks>90</defaultCooldownTicks>
        <meleeDamageBaseAmount>12</meleeDamageBaseAmount>
        <meleeDamageDef>Scratch</meleeDamageDef>
        <linkedBodyPartsGroup>LeftHand</linkedBodyPartsGroup>
      </li>
      <li>
        <verbClass>Verb_MeleeAttack</verbClass>
        <defaultCooldownTicks>90</defaultCooldownTicks>
        <meleeDamageBaseAmount>12</meleeDamageBaseAmount>
        <meleeDamageDef>Scratch</meleeDamageDef>
        <linkedBodyPartsGroup>RightHand</linkedBodyPartsGroup>
      </li>
      <li>
        <verbClass>Verb_MeleeAttack</verbClass>
        <defaultCooldownTicks>110</defaultCooldownTicks>
        <meleeDamageBaseAmount>12</meleeDamageBaseAmount>
        <meleeDamageDef>Bite</meleeDamageDef>
        <linkedBodyPartsGroup>Teeth</linkedBodyPartsGroup>
      </li>
    </verbs>
    <comps>
      <li>
        <compClass>CompShearable</compClass>
        <woolDef>Rfeather</woolDef>
        <shearIntervalDays>30</shearIntervalDays>
        <woolAmount>60</woolAmount>
      </li>
      <li>
        <compClass>CompEggLayer</compClass>
        <eggFertilizedDef>EggFRaptorFertilized</eggFertilizedDef>
        <eggFertilizationCountMax>1</eggFertilizationCountMax>
        <eggLayIntervalDays>60</eggLayIntervalDays>
        <eggProgressUnfertilizedMax>0.5</eggProgressUnfertilizedMax>
        <eggCountRange>
          <min>1</min>
          <max>1</max>
        </eggCountRange>
      </li>
    </comps>
    <race>
      <body>RaptorLike</body>
      <petness>0.3</petness>
      <baseBodySize>1.2</baseBodySize>
      <baseHungerRate>0.7</baseHungerRate>
      <baseHealthScale>1.4</baseHealthScale>
      <diet>Carnivorous</diet>
      <leatherColor>(138,80,154)</leatherColor>
      <leatherLabel>raptor leather</leatherLabel>
      <leatherInsulation>1.5</leatherInsulation>
      <gestationPeriodDays>45</gestationPeriodDays>
      <nameOnTameChance>1</nameOnTameChance>
      <trainableIntelligence>Advanced</trainableIntelligence>
      <wildness>0.45</wildness>
      <manhunterOnDamageChance>1</manhunterOnDamageChance>
      <manhunterOnTameFailChance>0.005</manhunterOnTameFailChance>
      <nuzzleChancePerHour>0.10</nuzzleChancePerHour>
      <litterSizeCurve>
        <points>
          <li>(0.5, 0)</li>
          <li>(1, 1)</li>
          <li>(2, 1.7)</li>
          <li>(3, 0.7)</li>
          <li>(3.5, 0)</li>
        </points>
      </litterSizeCurve>
      <lifeExpectancy>40</lifeExpectancy>
      <lifeStageAges>
        <li>
          <def>AnimalBaby</def>
          <minAge>0</minAge>
        </li>
        <li>
          <def>AnimalJuvenile</def>
          <minAge>0.15</minAge>
        </li>
        <li>
          <def>AnimalAdult</def>
          <minAge>0.8</minAge>
          <soundWounded>Pawn_Raptor_Wounded</soundWounded>
          <soundDeath>Pawn_Raptor_Death</soundDeath>
          <soundCall>Pawn_Raptor_Call</soundCall>
          <soundAngry>Pawn_Raptor_Angry</soundAngry>
        </li>
      </lifeStageAges>
      <soundMeleeHitPawn>Pawn_Melee_SmallScratch_HitPawn</soundMeleeHitPawn>
      <soundMeleeHitBuilding>Pawn_Melee_SmallScratch_HitBuilding</soundMeleeHitBuilding>
      <soundMeleeMiss>Pawn_Melee_SmallScratch_Miss</soundMeleeMiss>
    </race>
  </ThingDef>
  
  
</ThingDefs>