﻿<?xml version="1.0" encoding="utf-8" ?>
<ThingDefs>

  <ThingDef Name="BasePawn" Abstract="True">
    <thingClass>Pawn</thingClass>
    <category>Pawn</category>
    <selectable>true</selectable>
    <tickerType>Normal</tickerType>
    <altitudeLayer>Pawn</altitudeLayer>
    <useHitPoints>false</useHitPoints>
    <hasTooltip>true</hasTooltip>
    <soundImpactDefault>BulletImpactFlesh</soundImpactDefault>
    <inspectorTabs>
      <li>ITab_Pawn_Health</li>
      <li>ITab_Pawn_Needs</li>
      <li>ITab_Pawn_Character</li>
      <li>ITab_Pawn_Training</li>
      <li>ITab_Pawn_Gear</li>
      <li>ITab_Pawn_Guest</li>
      <li>ITab_Pawn_Prisoner</li>
    </inspectorTabs>
    <comps>
      <li>
        <compClass>CompAttachBase</compClass>
      </li>
    </comps>
    <drawGUIOverlay>true</drawGUIOverlay>
  </ThingDef>

  <ThingDef ParentName="BasePawn" Name="BaseAnimal" Abstract="True">
    <statBases>
      <Flammability>1.0</Flammability>
      <LeatherAmount>20</LeatherAmount>
    </statBases>
    <race>
      <thinkTree>Insectoid</thinkTree>
      <minFoodPreferability>Plant</minFoodPreferability>
      <isFlesh>true</isFlesh>
      <hasGenders>true</hasGenders>
      <nameGenerator>NamerAnimalGeneric</nameGenerator>
      <manhunterOnDamageChance>0.0125</manhunterOnDamageChance>
      <nameOnNuzzleChance>0.5</nameOnNuzzleChance>
      <hediffGiverSets>
        <li>OrganicStandard</li>
      </hediffGiverSets>
    </race>
  </ThingDef>



  <!-- ====================================================== -->


  <ThingDef ParentName="BaseAnimal">
    <defName>Antis</defName>
    <label>antis</label>
    <description>A quiet stalker and merciless killer, Ant mantis is a warrior caste of the insectoid hive. This species were created to beat the Mechanoid invasion, but it is dangerous to people, too. A social creature, it cannot reproduce individually.</description>
    <statBases>
      <MoveSpeed>4.7</MoveSpeed>
      <ArmorRating_Blunt>0.3</ArmorRating_Blunt>
      <ArmorRating_Sharp>0.35</ArmorRating_Sharp>
      <ComfyTemperatureMin>-10</ComfyTemperatureMin>
      <MarketValue>300</MarketValue>
      <LeatherAmount>0</LeatherAmount>
    </statBases>
    <verbs>
      <li>
        <verbClass>Verb_MeleeAttack</verbClass>
        <defaultCooldownTicks>100</defaultCooldownTicks>
        <meleeDamageBaseAmount>7</meleeDamageBaseAmount>
        <meleeDamageDef>Bite</meleeDamageDef>
        <linkedBodyPartsGroup>Mouth</linkedBodyPartsGroup>
      </li>
      <li>
        <verbClass>Verb_MeleeAttack</verbClass>
        <defaultCooldownTicks>90</defaultCooldownTicks>
        <meleeDamageBaseAmount>10</meleeDamageBaseAmount>
        <meleeDamageDef>Cut</meleeDamageDef>
        <linkedBodyPartsGroup>LeftAntisForeleg</linkedBodyPartsGroup>
      </li>
      <li>
        <verbClass>Verb_MeleeAttack</verbClass>
        <defaultCooldownTicks>90</defaultCooldownTicks>
        <meleeDamageBaseAmount>10</meleeDamageBaseAmount>
        <meleeDamageDef>Cut</meleeDamageDef>
        <linkedBodyPartsGroup>RightAntisForeleg</linkedBodyPartsGroup>
      </li>
    </verbs>
    <race>
      <intelligence>ToolUser</intelligence>
      <thinkTree>Insectoid</thinkTree>
      <body>Antis</body>
      <baseBodySize>1</baseBodySize>
      <baseHungerRate>0.4</baseHungerRate>
      <baseHealthScale>1.2</baseHealthScale>
      <meatLabel>antis meat</meatLabel>
      <diet>Omnivorous</diet>
      <wildness>0.99</wildness>
      <manhunterOnTameFailChance>1</manhunterOnTameFailChance>
      <manhunterOnDamageChance>1</manhunterOnDamageChance>
      <nuzzlePower>0.4</nuzzlePower>
      <nuzzleChancePerHour>0</nuzzleChancePerHour>
      <lifeExpectancy>12</lifeExpectancy>
      <lifeStageAges>
        <li>
          <def>EusocialInsectLarva</def>
          <minAge>0</minAge>
        </li>
        <li>
          <def>EusocialInsectJuvenile</def>
          <minAge>0.03</minAge>
        </li>
        <li>
          <def>EusocialInsectAdult</def>
          <minAge>0.4</minAge>
          <soundWounded>Pawn_Megascarab_Wounded</soundWounded>
          <soundDeath>Pawn_Megascarab_Death</soundDeath>
          <soundCall>Pawn_Megascarab_Call</soundCall>
          <soundAngry>Pawn_Megascarab_Angry</soundAngry>
        </li>
      </lifeStageAges>
      <soundMeleeHitPawn>Pawn_Melee_SmallScratch_HitPawn</soundMeleeHitPawn>
      <soundMeleeHitBuilding>Pawn_Melee_SmallScratch_HitBuilding</soundMeleeHitBuilding>
      <soundMeleeMiss>Pawn_Melee_SmallScratch_Miss</soundMeleeMiss>
    </race>
  </ThingDef>


  <!-- ====================================================== -->


  <ThingDef ParentName="BaseAnimal">
    <defName>Gnawler</defName>
    <label>gnawler</label>
    <description>A "grunt" caste of the insectoid hive, gnawler is a much smaller than other warrior caste, and on its own it doesn't seem dangerous. However, if many gnawlers are grouped together, things change. A social creature, it cannot reproduce individually.</description>
    <statBases>
      <MoveSpeed>2.8</MoveSpeed>
      <ArmorRating_Blunt>0.2</ArmorRating_Blunt>
      <ArmorRating_Sharp>0.3</ArmorRating_Sharp>
      <ComfyTemperatureMin>-10</ComfyTemperatureMin>
      <MarketValue>80</MarketValue>
      <LeatherAmount>0</LeatherAmount>
    </statBases>
    <verbs>
      <li>
        <verbClass>Verb_MeleeAttack</verbClass>
        <defaultCooldownTicks>100</defaultCooldownTicks>
        <meleeDamageBaseAmount>7</meleeDamageBaseAmount>
        <meleeDamageDef>Bite</meleeDamageDef>
        <linkedBodyPartsGroup>Mouth</linkedBodyPartsGroup>
      </li>
    </verbs>
    <race>
      <intelligence>ToolUser</intelligence>
      <thinkTree>Insectoid</thinkTree>
      <body>BeetleLike</body>
      <baseBodySize>0.2</baseBodySize>
      <baseHungerRate>0.2</baseHungerRate>
      <baseHealthScale>0.5</baseHealthScale>
      <meatLabel>gnawler meat</meatLabel>
      <diet>Omnivorous</diet>
      <wildness>0.99</wildness>
      <manhunterOnTameFailChance>1</manhunterOnTameFailChance>
      <manhunterOnDamageChance>1</manhunterOnDamageChance>
      <nuzzlePower>0.4</nuzzlePower>
      <nuzzleChancePerHour>0</nuzzleChancePerHour>
      <lifeExpectancy>8</lifeExpectancy>
      <lifeStageAges>
        <li>
          <def>EusocialInsectLarva</def>
          <minAge>0</minAge>
        </li>
        <li>
          <def>EusocialInsectJuvenile</def>
          <minAge>0.03</minAge>
        </li>
        <li>
          <def>EusocialInsectAdult</def>
          <minAge>0.4</minAge>
          <soundWounded>Pawn_Megascarab_Wounded</soundWounded>
          <soundDeath>Pawn_Megascarab_Death</soundDeath>
          <soundCall>Pawn_Megascarab_Call</soundCall>
          <soundAngry>Pawn_Megascarab_Angry</soundAngry>
        </li>
      </lifeStageAges>
      <soundMeleeHitPawn>Pawn_Melee_SmallScratch_HitPawn</soundMeleeHitPawn>
      <soundMeleeHitBuilding>Pawn_Melee_SmallScratch_HitBuilding</soundMeleeHitBuilding>
      <soundMeleeMiss>Pawn_Melee_SmallScratch_Miss</soundMeleeMiss>
    </race>
  </ThingDef>

  
</ThingDefs>