﻿<?xml version="1.0" encoding="utf-8" ?>
<FactionDefs>

  <FactionDef>
    <defName>Insectoid</defName>
    <label>insectoid hive</label>
    <description>A hive of gene-modified insects. Originally made for fight against Mechanoid invasion, creators of these creatures applied hive-mind system of their foes to society system of insectoid hive. Unfortunately, these new species are became totally out of control and became another threat for human exist.</description>
    <pawnsPlural>insectoid</pawnsPlural>
    <requiredCountAtGameStart>1</requiredCountAtGameStart>
    <fixedName>a insectoid hive</fixedName>
    <raidCommonality>100</raidCommonality>
    <humanlikeFaction>false</humanlikeFaction>
    <hidden>true</hidden>
    <canFlee>false</canFlee>
    <techLevel>Neolithic</techLevel>
    <startingGoodwill>
      <min>-100</min>
      <max>-100</max>
    </startingGoodwill>
    <mustStartOneEnemy>true</mustStartOneEnemy>
    <naturalColonyGoodwill>
      <min>-100</min>
      <max>-100</max>
    </naturalColonyGoodwill>
    <pawnGroupMakers>
      <li>
        <options>
          <li>
            <selectionWeight>100</selectionWeight>
            <kind>Antis</kind>
          </li>
          <li>
            <selectionWeight>200</selectionWeight>
            <kind>Gnawler</kind>
          </li>
        </options>
      </li>
    </pawnGroupMakers>
    <homeIconPath>World/FactionHomes/DefaultHome</homeIconPath>
    <homeIconColor>(250,250,150)</homeIconColor>
  </FactionDef>



</FactionDefs>