﻿<?xml version="1.0" encoding="utf-8" ?>
<Defs>

    <BodyPartDef>
    <defName>LeftAntisForeleg</defName>
    <label>left foreleg</label>
    <hitPoints>7</hitPoints>
    <frostbiteVulnerability>10</frostbiteVulnerability>
    <oldInjuryBaseChance>0</oldInjuryBaseChance>
    <skinCovered>false</skinCovered>
    <isSolid>true</isSolid>
    <activities>
      <li>Manipulation_tool</li>
    </activities>
  </BodyPartDef>

    <BodyPartDef>
    <defName>RightAntisForeleg</defName>
    <label>left foreleg</label>
    <hitPoints>7</hitPoints>
    <frostbiteVulnerability>10</frostbiteVulnerability>
    <oldInjuryBaseChance>0</oldInjuryBaseChance>
    <skinCovered>false</skinCovered>
    <isSolid>true</isSolid>
    <activities>
      <li>Manipulation_tool</li>
    </activities>
  </BodyPartDef>

</Defs>