﻿<?xml version="1.0" encoding="utf-8" ?>
<ThinkTrees>

	<ThinkTreeDef>
		<defName>Insectoid</defName>
		<thinkRoot Class="ThinkNode_Priority">
      <subNodes>
        <li Class="ThinkNode_Subtree">
          <treeDef>Downed</treeDef>
        </li>
        <li Class="ThinkNode_Subtree">
          <treeDef>BurningResponse</treeDef>
        </li>
        <li Class="ThinkNode_Subtree">
          <treeDef>BrokenCritical</treeDef>
        </li>
        <li Class="ThinkNode_Subtree">
          <treeDef>SelfDefense</treeDef>

        </li>

        <li Class="ThinkNode_Subtree">
          <treeDef>SquadBrainDuty</treeDef>
        </li>

        <li Class="ThinkNode_ConditionalExitTimedOut">
          <subNodes>
            <li Class="JobGiver_ExitMapWalkRandom" />
          </subNodes>
        </li>
        
        <li Class="ThinkNode_ConditionalForcedGoto">
          <subNodes>
            <li Class="JobGiver_ForcedGoto" />
          </subNodes>
        </li>

        <li Class="JobGiver_LayEgg" />
        
        <li Class="ThinkNode_PrioritySorter">
          <subNodes>
            <li Class="JobGiver_GetFood"/>
            <li Class="JobGiver_GetRest"/>
          </subNodes>
        </li>
            
        
        <li Class="ThinkNode_ConditionalHerdAnimal">
          <subNodes>
            <li Class="JobGiver_WanderHerd">
              <maxDanger>Deadly</maxDanger>
            </li>
          </subNodes>
        </li>
        
        <li Class="JobGiver_WanderAnywhere">
          <maxDanger>Deadly</maxDanger>
        </li>

        <li Class="JobGiver_IdleError"/>
      </subNodes>
		</thinkRoot>
	</ThinkTreeDef>


</ThinkTrees>